product_title,domain,rating,review_text
The Psychology of Money - Edition 33,Books,5,"Very average, could have been better."
Doglapan - Edition 37,Books,2,Premium feel and well built.
The Subtle Art of Not Giving a F*ck - Edition 16,Books,4,"Good overall, but improvements are needed."
Atomic Habits - Edition 6,Books,3,Not worth the price at all.
Think Again - Edition 27,Books,1,Delivery was late but product quality is good.
The Mountain Is You - Edition 24,Books,5,Delivery was late but product quality is good.
The Psychology of Money - Edition 30,Books,1,Delivery was late but product quality is good.
The Psychology of Money - Edition 34,Books,2,"Excellent product, highly recommended!"
The Psychology of Money - Edition 15,Books,4,"Terrible experience, would not recommend."
Elon Musk by Walter Isaacson - Edition 17,Books,3,Not worth the price at all.
The Subtle Art of Not Giving a F*ck - Edition 27,Books,3,"Very average, could have been better."
Atomic Habits - Edition 19,Books,4,"Great value for money, happy with the purchase."
The Subtle Art of Not Giving a F*ck - Edition 19,Books,1,"Good overall, but improvements are needed."
Rich Dad Poor Dad - Edition 38,Books,4,"Excellent product, highly recommended!"
Rich Dad Poor Dad - Edition 36,Books,1,"Very average, could have been better."
Elon Musk by Walter Isaacson - Edition 25,Books,2,"Amazing quality, exceeded my expectations."
Atomic Habits - Edition 33,Books,5,"Excellent product, highly recommended!"
Doglapan - Edition 18,Books,2,Premium feel and well built.
Atomic Habits - Edition 11,Books,2,Not worth the price at all.
Elon Musk by Walter Isaacson - Edition 21,Books,2,Premium feel and well built.
Atomic Habits - Edition 30,Books,5,Premium feel and well built.
The Almanack of Naval Ravikant - Edition 17,Books,5,Premium feel and well built.
Elon Musk by Walter Isaacson - Edition 1,Books,4,"Amazing quality, exceeded my expectations."
Elon Musk by Walter Isaacson - Edition 8,Books,4,"Terrible experience, would not recommend."
The Almanack of Naval Ravikant - Edition 37,Books,1,"Terrible experience, would not recommend."
The Psychology of Money - Edition 21,Books,4,"Great value for money, happy with the purchase."
Think Again - Edition 37,Books,1,"Great value for money, happy with the purchase."
Rich Dad Poor Dad - Edition 37,Books,5,Premium feel and well built.
Think Again - Edition 11,Books,5,"Great value for money, happy with the purchase."
Rich Dad Poor Dad - Edition 15,Books,1,"Excellent product, highly recommended!"
The Subtle Art of Not Giving a F*ck - Edition 40,Books,5,"Good overall, but improvements are needed."
The Mountain Is You - Edition 36,Books,3,Delivery was late but product quality is good.
Ikigai - Edition 7,Books,5,"Amazing quality, exceeded my expectations."
Think Again - Edition 14,Books,5,"Very average, could have been better."
The Mountain Is You - Edition 2,Books,3,"Great value for money, happy with the purchase."
The Almanack of Naval Ravikant - Edition 35,Books,4,Premium feel and well built.
Rich Dad Poor Dad - Edition 8,Books,5,"Terrible experience, would not recommend."
Atomic Habits - Edition 22,Books,1,"Great value for money, happy with the purchase."
Rich Dad Poor Dad - Edition 19,Books,5,Premium feel and well built.
The Almanack of Naval Ravikant - Edition 23,Books,5,"Great value for money, happy with the purchase."
Think Again - Edition 30,Books,3,"Great value for money, happy with the purchase."
Think Again - Edition 1,Books,5,Not worth the price at all.
The Subtle Art of Not Giving a F*ck - Edition 24,Books,5,"Excellent product, highly recommended!"
Elon Musk by Walter Isaacson - Edition 29,Books,1,Premium feel and well built.
The Subtle Art of Not Giving a F*ck - Edition 35,Books,4,"Terrible experience, would not recommend."
Ikigai - Edition 31,Books,1,Delivery was late but product quality is good.
Think Again - Edition 39,Books,1,"Excellent product, highly recommended!"
The Subtle Art of Not Giving a F*ck - Edition 30,Books,2,"Great value for money, happy with the purchase."
Doglapan - Edition 11,Books,3,Delivery was late but product quality is good.
Ikigai - Edition 11,Books,3,"Terrible experience, would not recommend."
Rich Dad Poor Dad - Edition 23,Books,2,"Very average, could have been better."
Doglapan - Edition 15,Books,3,"Amazing quality, exceeded my expectations."
The Almanack of Naval Ravikant - Edition 19,Books,5,"Excellent product, highly recommended!"
The Almanack of Naval Ravikant - Edition 39,Books,4,"Amazing quality, exceeded my expectations."
The Almanack of Naval Ravikant - Edition 21,Books,3,"Very average, could have been better."
Elon Musk by Walter Isaacson - Edition 26,Books,4,Delivery was late but product quality is good.
Atomic Habits - Edition 17,Books,5,"Excellent product, highly recommended!"
The Subtle Art of Not Giving a F*ck - Edition 20,Books,3,Delivery was late but product quality is good.
Elon Musk by Walter Isaacson - Edition 20,Books,5,"Great value for money, happy with the purchase."
Elon Musk by Walter Isaacson - Edition 12,Books,5,"Amazing quality, exceeded my expectations."
Atomic Habits - Edition 40,Books,4,"Good overall, but improvements are needed."
Elon Musk by Walter Isaacson - Edition 34,Books,4,Delivery was late but product quality is good.
Atomic Habits - Edition 34,Books,1,Delivery was late but product quality is good.
Rich Dad Poor Dad - Edition 26,Books,1,"Very average, could have been better."
The Mountain Is You - Edition 39,Books,5,"Good overall, but improvements are needed."
Ikigai - Edition 10,Books,2,Premium feel and well built.
The Mountain Is You - Edition 34,Books,2,"Very average, could have been better."
Think Again - Edition 13,Books,4,Not worth the price at all.
Think Again - Edition 16,Books,3,"Very average, could have been better."
Ikigai - Edition 37,Books,2,Delivery was late but product quality is good.
Rich Dad Poor Dad - Edition 6,Books,4,"Excellent product, highly recommended!"
Think Again - Edition 10,Books,2,"Good overall, but improvements are needed."
Think Again - Edition 32,Books,4,Delivery was late but product quality is good.
The Mountain Is You - Edition 38,Books,5,"Excellent product, highly recommended!"
Rich Dad Poor Dad - Edition 31,Books,1,"Good overall, but improvements are needed."
Rich Dad Poor Dad - Edition 35,Books,5,"Excellent product, highly recommended!"
Elon Musk by Walter Isaacson - Edition 13,Books,5,"Good overall, but improvements are needed."
Think Again - Edition 40,Books,5,"Excellent product, highly recommended!"
Atomic Habits - Edition 15,Books,2,"Terrible experience, would not recommend."
Doglapan - Edition 27,Books,2,"Amazing quality, exceeded my expectations."
Ikigai - Edition 34,Books,4,"Amazing quality, exceeded my expectations."
Think Again - Edition 4,Books,3,"Excellent product, highly recommended!"
Elon Musk by Walter Isaacson - Edition 7,Books,3,Premium feel and well built.
The Almanack of Naval Ravikant - Edition 5,Books,3,Premium feel and well built.
Rich Dad Poor Dad - Edition 18,Books,5,"Amazing quality, exceeded my expectations."
The Psychology of Money - Edition 11,Books,5,"Great value for money, happy with the purchase."
The Subtle Art of Not Giving a F*ck - Edition 11,Books,2,"Very average, could have been better."
Rich Dad Poor Dad - Edition 9,Books,3,"Very average, could have been better."
The Subtle Art of Not Giving a F*ck - Edition 8,Books,2,"Excellent product, highly recommended!"
Atomic Habits - Edition 29,Books,4,"Very average, could have been better."
The Subtle Art of Not Giving a F*ck - Edition 5,Books,5,"Great value for money, happy with the purchase."
Rich Dad Poor Dad - Edition 13,Books,4,Premium feel and well built.
Rich Dad Poor Dad - Edition 29,Books,2,Delivery was late but product quality is good.
Ikigai - Edition 3,Books,3,"Amazing quality, exceeded my expectations."
Atomic Habits - Edition 28,Books,1,"Excellent product, highly recommended!"
Doglapan - Edition 34,Books,2,"Good overall, but improvements are needed."
The Almanack of Naval Ravikant - Edition 38,Books,4,Premium feel and well built.
The Psychology of Money - Edition 12,Books,1,"Good overall, but improvements are needed."
The Almanack of Naval Ravikant - Edition 14,Books,3,"Very average, could have been better."
Rich Dad Poor Dad - Edition 25,Books,2,"Great value for money, happy with the purchase."
Think Again - Edition 17,Books,2,"Very average, could have been better."
Atomic Habits - Edition 14,Books,4,"Good overall, but improvements are needed."
The Mountain Is You - Edition 23,Books,3,"Excellent product, highly recommended!"
The Psychology of Money - Edition 13,Books,3,"Amazing quality, exceeded my expectations."
The Mountain Is You - Edition 16,Books,4,"Amazing quality, exceeded my expectations."
The Subtle Art of Not Giving a F*ck - Edition 4,Books,4,"Great value for money, happy with the purchase."
The Psychology of Money - Edition 3,Books,1,"Good overall, but improvements are needed."
Ikigai - Edition 14,Books,5,"Excellent product, highly recommended!"
The Mountain Is You - Edition 5,Books,1,Not worth the price at all.
The Almanack of Naval Ravikant - Edition 26,Books,4,"Excellent product, highly recommended!"
The Almanack of Naval Ravikant - Edition 25,Books,5,"Very average, could have been better."
Rich Dad Poor Dad - Edition 40,Books,1,"Good overall, but improvements are needed."
The Subtle Art of Not Giving a F*ck - Edition 25,Books,5,Not worth the price at all.
Elon Musk by Walter Isaacson - Edition 35,Books,5,"Terrible experience, would not recommend."
Atomic Habits - Edition 36,Books,1,"Terrible experience, would not recommend."
The Almanack of Naval Ravikant - Edition 8,Books,3,"Very average, could have been better."
Atomic Habits - Edition 2,Books,3,Premium feel and well built.
The Mountain Is You - Edition 17,Books,1,Premium feel and well built.
Rich Dad Poor Dad - Edition 27,Books,2,"Good overall, but improvements are needed."
Rich Dad Poor Dad - Edition 24,Books,2,"Terrible experience, would not recommend."
Atomic Habits - Edition 24,Books,1,Not worth the price at all.
The Psychology of Money - Edition 10,Books,4,Not worth the price at all.
The Almanack of Naval Ravikant - Edition 4,Books,1,Delivery was late but product quality is good.
Ikigai - Edition 19,Books,1,Delivery was late but product quality is good.
Atomic Habits - Edition 10,Books,1,Delivery was late but product quality is good.
Elon Musk by Walter Isaacson - Edition 30,Books,3,"Terrible experience, would not recommend."
The Mountain Is You - Edition 1,Books,3,"Excellent product, highly recommended!"
Atomic Habits - Edition 35,Books,3,"Excellent product, highly recommended!"
Atomic Habits - Edition 32,Books,2,"Good overall, but improvements are needed."
The Psychology of Money - Edition 2,Books,1,"Amazing quality, exceeded my expectations."
The Almanack of Naval Ravikant - Edition 31,Books,4,"Excellent product, highly recommended!"
Atomic Habits - Edition 18,Books,1,"Very average, could have been better."
Elon Musk by Walter Isaacson - Edition 14,Books,4,Delivery was late but product quality is good.
Elon Musk by Walter Isaacson - Edition 39,Books,2,"Terrible experience, would not recommend."
Ikigai - Edition 26,Books,3,"Great value for money, happy with the purchase."
Ikigai - Edition 18,Books,5,"Very average, could have been better."
The Psychology of Money - Edition 1,Books,5,"Excellent product, highly recommended!"
Rich Dad Poor Dad - Edition 4,Books,3,Delivery was late but product quality is good.
Doglapan - Edition 23,Books,2,"Amazing quality, exceeded my expectations."
Think Again - Edition 5,Books,4,Premium feel and well built.
The Almanack of Naval Ravikant - Edition 20,Books,5,"Excellent product, highly recommended!"
The Psychology of Money - Edition 19,Books,1,"Great value for money, happy with the purchase."
The Almanack of Naval Ravikant - Edition 9,Books,2,"Amazing quality, exceeded my expectations."
The Mountain Is You - Edition 15,Books,1,"Excellent product, highly recommended!"
The Subtle Art of Not Giving a F*ck - Edition 32,Books,2,"Great value for money, happy with the purchase."
The Subtle Art of Not Giving a F*ck - Edition 9,Books,1,"Excellent product, highly recommended!"
Elon Musk by Walter Isaacson - Edition 16,Books,3,"Very average, could have been better."
Think Again - Edition 23,Books,4,Premium feel and well built.
Doglapan - Edition 12,Books,3,"Good overall, but improvements are needed."
Doglapan - Edition 7,Books,3,"Good overall, but improvements are needed."
Ikigai - Edition 5,Books,2,"Excellent product, highly recommended!"
The Mountain Is You - Edition 4,Books,3,Delivery was late but product quality is good.
Atomic Habits - Edition 13,Books,5,"Excellent product, highly recommended!"
Think Again - Edition 36,Books,4,Premium feel and well built.
Think Again - Edition 21,Books,3,Premium feel and well built.
Doglapan - Edition 6,Books,1,Not worth the price at all.
Elon Musk by Walter Isaacson - Edition 11,Books,3,"Very average, could have been better."
The Mountain Is You - Edition 25,Books,5,"Very average, could have been better."
Atomic Habits - Edition 4,Books,2,Not worth the price at all.
The Almanack of Naval Ravikant - Edition 16,Books,4,Delivery was late but product quality is good.
The Mountain Is You - Edition 10,Books,5,"Very average, could have been better."
Elon Musk by Walter Isaacson - Edition 24,Books,3,"Amazing quality, exceeded my expectations."
The Mountain Is You - Edition 32,Books,3,"Excellent product, highly recommended!"
Rich Dad Poor Dad - Edition 33,Books,4,Delivery was late but product quality is good.
Think Again - Edition 8,Books,3,Premium feel and well built.
Think Again - Edition 12,Books,2,"Great value for money, happy with the purchase."
The Mountain Is You - Edition 9,Books,4,Not worth the price at all.
Rich Dad Poor Dad - Edition 11,Books,2,Not worth the price at all.
Elon Musk by Walter Isaacson - Edition 22,Books,2,"Excellent product, highly recommended!"
Ikigai - Edition 25,Books,4,"Great value for money, happy with the purchase."
Rich Dad Poor Dad - Edition 30,Books,2,"Great value for money, happy with the purchase."
Ikigai - Edition 38,Books,4,"Terrible experience, would not recommend."
Think Again - Edition 19,Books,5,"Great value for money, happy with the purchase."
The Mountain Is You - Edition 19,Books,1,"Good overall, but improvements are needed."
The Mountain Is You - Edition 3,Books,3,Premium feel and well built.
The Almanack of Naval Ravikant - Edition 28,Books,2,"Very average, could have been better."
The Mountain Is You - Edition 31,Books,2,Not worth the price at all.
The Almanack of Naval Ravikant - Edition 13,Books,3,"Amazing quality, exceeded my expectations."
Ikigai - Edition 12,Books,3,"Great value for money, happy with the purchase."
The Psychology of Money - Edition 39,Books,2,"Very average, could have been better."
Doglapan - Edition 38,Books,5,"Great value for money, happy with the purchase."
Doglapan - Edition 33,Books,1,Not worth the price at all.
Elon Musk by Walter Isaacson - Edition 5,Books,1,Premium feel and well built.
Think Again - Edition 38,Books,3,Premium feel and well built.
Ikigai - Edition 17,Books,1,"Terrible experience, would not recommend."
The Subtle Art of Not Giving a F*ck - Edition 31,Books,3,Delivery was late but product quality is good.
Ikigai - Edition 15,Books,5,"Good overall, but improvements are needed."
Doglapan - Edition 10,Books,5,Not worth the price at all.
The Almanack of Naval Ravikant - Edition 15,Books,3,Premium feel and well built.
Atomic Habits - Edition 21,Books,4,Delivery was late but product quality is good.
The Almanack of Naval Ravikant - Edition 10,Books,4,Delivery was late but product quality is good.
The Mountain Is You - Edition 11,Books,3,"Great value for money, happy with the purchase."
The Almanack of Naval Ravikant - Edition 30,Books,2,"Good overall, but improvements are needed."
Elon Musk by Walter Isaacson - Edition 19,Books,2,Premium feel and well built.
The Subtle Art of Not Giving a F*ck - Edition 18,Books,5,Premium feel and well built.
Rich Dad Poor Dad - Edition 21,Books,5,"Great value for money, happy with the purchase."
Ikigai - Edition 4,Books,1,"Great value for money, happy with the purchase."
The Mountain Is You - Edition 26,Books,5,"Excellent product, highly recommended!"
Elon Musk by Walter Isaacson - Edition 36,Books,2,Premium feel and well built.
The Subtle Art of Not Giving a F*ck - Edition 23,Books,4,Premium feel and well built.
The Psychology of Money - Edition 36,Books,1,"Great value for money, happy with the purchase."
The Almanack of Naval Ravikant - Edition 27,Books,3,"Amazing quality, exceeded my expectations."
Rich Dad Poor Dad - Edition 14,Books,5,"Amazing quality, exceeded my expectations."
The Psychology of Money - Edition 38,Books,5,"Very average, could have been better."
The Psychology of Money - Edition 24,Books,3,Premium feel and well built.
Doglapan - Edition 17,Books,2,"Very average, could have been better."
The Psychology of Money - Edition 16,Books,2,"Good overall, but improvements are needed."
Think Again - Edition 20,Books,3,Premium feel and well built.
Atomic Habits - Edition 37,Books,5,"Amazing quality, exceeded my expectations."
Doglapan - Edition 3,Books,5,Delivery was late but product quality is good.
Ikigai - Edition 6,Books,4,"Excellent product, highly recommended!"
The Psychology of Money - Edition 37,Books,2,"Good overall, but improvements are needed."
Atomic Habits - Edition 23,Books,1,Delivery was late but product quality is good.
The Subtle Art of Not Giving a F*ck - Edition 6,Books,1,Delivery was late but product quality is good.
The Almanack of Naval Ravikant - Edition 1,Books,5,"Terrible experience, would not recommend."
The Psychology of Money - Edition 23,Books,2,Delivery was late but product quality is good.
Doglapan - Edition 5,Books,1,"Great value for money, happy with the purchase."
Rich Dad Poor Dad - Edition 12,Books,3,"Very average, could have been better."
Think Again - Edition 29,Books,4,Premium feel and well built.
The Subtle Art of Not Giving a F*ck - Edition 10,Books,5,Premium feel and well built.
The Subtle Art of Not Giving a F*ck - Edition 34,Books,5,Not worth the price at all.
Ikigai - Edition 24,Books,3,"Terrible experience, would not recommend."
The Mountain Is You - Edition 12,Books,3,Delivery was late but product quality is good.
The Subtle Art of Not Giving a F*ck - Edition 28,Books,4,Premium feel and well built.
Ikigai - Edition 22,Books,5,Not worth the price at all.
Think Again - Edition 25,Books,1,"Very average, could have been better."
The Almanack of Naval Ravikant - Edition 2,Books,3,Premium feel and well built.
Doglapan - Edition 40,Books,5,"Good overall, but improvements are needed."
Think Again - Edition 28,Books,1,"Great value for money, happy with the purchase."
The Psychology of Money - Edition 26,Books,2,"Good overall, but improvements are needed."
The Psychology of Money - Edition 28,Books,1,"Great value for money, happy with the purchase."
Ikigai - Edition 21,Books,1,"Terrible experience, would not recommend."
Atomic Habits - Edition 12,Books,2,"Good overall, but improvements are needed."
The Psychology of Money - Edition 40,Books,5,Premium feel and well built.
Ikigai - Edition 36,Books,2,Not worth the price at all.
Doglapan - Edition 26,Books,4,"Terrible experience, would not recommend."
Ikigai - Edition 35,Books,1,"Great value for money, happy with the purchase."
The Almanack of Naval Ravikant - Edition 22,Books,5,"Great value for money, happy with the purchase."
The Psychology of Money - Edition 32,Books,5,Premium feel and well built.
Ikigai - Edition 16,Books,2,Premium feel and well built.
Doglapan - Edition 24,Books,2,"Excellent product, highly recommended!"
Elon Musk by Walter Isaacson - Edition 6,Books,1,Premium feel and well built.
The Subtle Art of Not Giving a F*ck - Edition 17,Books,3,"Excellent product, highly recommended!"
The Mountain Is You - Edition 29,Books,2,"Very average, could have been better."
Think Again - Edition 3,Books,5,"Excellent product, highly recommended!"
Elon Musk by Walter Isaacson - Edition 4,Books,1,"Amazing quality, exceeded my expectations."
Doglapan - Edition 22,Books,1,Premium feel and well built.
The Mountain Is You - Edition 14,Books,4,Premium feel and well built.
Elon Musk by Walter Isaacson - Edition 18,Books,5,"Amazing quality, exceeded my expectations."
Think Again - Edition 24,Books,2,"Terrible experience, would not recommend."
Sony WH-1000XM5 - Edition 22,Electronics,5,"Excellent product, highly recommended!"
Apple Watch Series 9 - Edition 37,Electronics,1,"Terrible experience, would not recommend."
Samsung Galaxy S24 Ultra - Edition 15,Electronics,1,"Terrible experience, would not recommend."
Apple Watch Series 9 - Edition 24,Electronics,2,"Very average, could have been better."
Google Pixel 8 Pro - Edition 38,Electronics,3,Delivery was late but product quality is good.
iPhone 15 Pro Max - Edition 18,Electronics,4,"Amazing quality, exceeded my expectations."
Samsung Galaxy Buds FE - Edition 22,Electronics,1,"Very average, could have been better."
OnePlus 12 - Edition 10,Electronics,5,"Amazing quality, exceeded my expectations."
Apple Watch Series 9 - Edition 40,Electronics,1,"Very average, could have been better."
AirPods Pro 2 - Edition 8,Electronics,1,"Very average, could have been better."
Samsung Galaxy S24 Ultra - Edition 27,Electronics,5,"Very average, could have been better."
OnePlus 12 - Edition 24,Electronics,3,Not worth the price at all.
Samsung Galaxy S24 Ultra - Edition 22,Electronics,2,"Very average, could have been better."
Samsung Galaxy Buds FE - Edition 13,Electronics,5,"Terrible experience, would not recommend."
iPhone 15 Pro Max - Edition 10,Electronics,5,"Great value for money, happy with the purchase."
AirPods Pro 2 - Edition 22,Electronics,5,"Excellent product, highly recommended!"
OnePlus 12 - Edition 7,Electronics,1,"Very average, could have been better."
Apple Watch Series 9 - Edition 12,Electronics,5,"Very average, could have been better."
iPhone 15 Pro Max - Edition 23,Electronics,3,"Very average, could have been better."
Apple Watch Series 9 - Edition 1,Electronics,2,"Terrible experience, would not recommend."
Samsung Galaxy Buds FE - Edition 7,Electronics,5,"Excellent product, highly recommended!"
Samsung Galaxy S24 Ultra - Edition 5,Electronics,3,"Great value for money, happy with the purchase."
Sony WH-1000XM5 - Edition 14,Electronics,1,Delivery was late but product quality is good.
iPhone 15 Pro Max - Edition 16,Electronics,5,"Excellent product, highly recommended!"
AirPods Pro 2 - Edition 7,Electronics,1,"Terrible experience, would not recommend."
Xiaomi 14 Ultra - Edition 2,Electronics,5,"Excellent product, highly recommended!"
iPhone 15 Pro Max - Edition 32,Electronics,2,"Terrible experience, would not recommend."
AirPods Pro 2 - Edition 39,Electronics,3,Delivery was late but product quality is good.
Samsung Galaxy S24 Ultra - Edition 36,Electronics,1,Delivery was late but product quality is good.
Samsung Galaxy Buds FE - Edition 6,Electronics,5,"Great value for money, happy with the purchase."
AirPods Pro 2 - Edition 2,Electronics,2,"Amazing quality, exceeded my expectations."
OnePlus 12 - Edition 9,Electronics,1,Premium feel and well built.
Google Pixel 8 Pro - Edition 5,Electronics,2,"Excellent product, highly recommended!"
Nothing Phone 2 - Edition 14,Electronics,3,"Excellent product, highly recommended!"
Xiaomi 14 Ultra - Edition 6,Electronics,3,"Good overall, but improvements are needed."
Sony WH-1000XM5 - Edition 29,Electronics,3,Not worth the price at all.
Samsung Galaxy S24 Ultra - Edition 39,Electronics,3,Delivery was late but product quality is good.
Nothing Phone 2 - Edition 8,Electronics,2,"Very average, could have been better."
Apple Watch Series 9 - Edition 20,Electronics,1,Premium feel and well built.
Nothing Phone 2 - Edition 38,Electronics,2,Not worth the price at all.
OnePlus 12 - Edition 14,Electronics,3,Not worth the price at all.
Xiaomi 14 Ultra - Edition 27,Electronics,3,"Good overall, but improvements are needed."
Google Pixel 8 Pro - Edition 1,Electronics,5,"Good overall, but improvements are needed."
OnePlus 12 - Edition 18,Electronics,2,Delivery was late but product quality is good.
Nothing Phone 2 - Edition 9,Electronics,1,"Very average, could have been better."
AirPods Pro 2 - Edition 36,Electronics,5,"Amazing quality, exceeded my expectations."
Samsung Galaxy Buds FE - Edition 8,Electronics,2,"Amazing quality, exceeded my expectations."
Apple Watch Series 9 - Edition 21,Electronics,5,Not worth the price at all.
Sony WH-1000XM5 - Edition 16,Electronics,5,"Good overall, but improvements are needed."
Samsung Galaxy S24 Ultra - Edition 6,Electronics,3,"Terrible experience, would not recommend."
Xiaomi 14 Ultra - Edition 31,Electronics,3,Delivery was late but product quality is good.
OnePlus 12 - Edition 39,Electronics,4,"Amazing quality, exceeded my expectations."
Sony WH-1000XM5 - Edition 20,Electronics,2,Not worth the price at all.
AirPods Pro 2 - Edition 3,Electronics,4,Delivery was late but product quality is good.
Samsung Galaxy Buds FE - Edition 40,Electronics,2,"Excellent product, highly recommended!"
OnePlus 12 - Edition 13,Electronics,1,Not worth the price at all.
Sony WH-1000XM5 - Edition 23,Electronics,1,Delivery was late but product quality is good.
iPhone 15 Pro Max - Edition 5,Electronics,3,Not worth the price at all.
Samsung Galaxy Buds FE - Edition 23,Electronics,4,"Great value for money, happy with the purchase."
Xiaomi 14 Ultra - Edition 10,Electronics,3,"Terrible experience, would not recommend."
Google Pixel 8 Pro - Edition 30,Electronics,3,"Good overall, but improvements are needed."
iPhone 15 Pro Max - Edition 11,Electronics,3,Not worth the price at all.
Apple Watch Series 9 - Edition 28,Electronics,5,"Terrible experience, would not recommend."
Nothing Phone 2 - Edition 17,Electronics,4,"Terrible experience, would not recommend."
Nothing Phone 2 - Edition 12,Electronics,2,"Terrible experience, would not recommend."
Xiaomi 14 Ultra - Edition 40,Electronics,1,Not worth the price at all.
Apple Watch Series 9 - Edition 5,Electronics,3,Not worth the price at all.
Nothing Phone 2 - Edition 10,Electronics,3,"Good overall, but improvements are needed."
AirPods Pro 2 - Edition 40,Electronics,2,Delivery was late but product quality is good.
Samsung Galaxy S24 Ultra - Edition 4,Electronics,4,"Very average, could have been better."
Sony WH-1000XM5 - Edition 2,Electronics,1,"Very average, could have been better."
Sony WH-1000XM5 - Edition 1,Electronics,3,"Good overall, but improvements are needed."
Samsung Galaxy Buds FE - Edition 34,Electronics,2,Not worth the price at all.
Nothing Phone 2 - Edition 37,Electronics,4,Delivery was late but product quality is good.
Samsung Galaxy S24 Ultra - Edition 12,Electronics,2,"Terrible experience, would not recommend."
Samsung Galaxy Buds FE - Edition 20,Electronics,3,Delivery was late but product quality is good.
Nothing Phone 2 - Edition 33,Electronics,2,Delivery was late but product quality is good.
Apple Watch Series 9 - Edition 2,Electronics,2,"Very average, could have been better."
Google Pixel 8 Pro - Edition 31,Electronics,2,"Very average, could have been better."
OnePlus 12 - Edition 34,Electronics,3,Not worth the price at all.
Sony WH-1000XM5 - Edition 26,Electronics,3,Not worth the price at all.
iPhone 15 Pro Max - Edition 2,Electronics,5,"Very average, could have been better."
Google Pixel 8 Pro - Edition 23,Electronics,1,Premium feel and well built.
Samsung Galaxy Buds FE - Edition 10,Electronics,2,"Amazing quality, exceeded my expectations."
Xiaomi 14 Ultra - Edition 19,Electronics,1,"Excellent product, highly recommended!"
AirPods Pro 2 - Edition 33,Electronics,1,"Great value for money, happy with the purchase."
OnePlus 12 - Edition 40,Electronics,1,"Amazing quality, exceeded my expectations."
OnePlus 12 - Edition 16,Electronics,1,"Very average, could have been better."
Samsung Galaxy Buds FE - Edition 39,Electronics,2,"Excellent product, highly recommended!"
Xiaomi 14 Ultra - Edition 38,Electronics,4,Delivery was late but product quality is good.
Google Pixel 8 Pro - Edition 40,Electronics,2,Delivery was late but product quality is good.
Apple Watch Series 9 - Edition 19,Electronics,2,Not worth the price at all.
iPhone 15 Pro Max - Edition 36,Electronics,5,Delivery was late but product quality is good.
Apple Watch Series 9 - Edition 35,Electronics,3,"Good overall, but improvements are needed."
Xiaomi 14 Ultra - Edition 33,Electronics,5,"Terrible experience, would not recommend."
Sony WH-1000XM5 - Edition 12,Electronics,2,"Excellent product, highly recommended!"
Samsung Galaxy S24 Ultra - Edition 24,Electronics,2,"Very average, could have been better."
Sony WH-1000XM5 - Edition 21,Electronics,5,"Good overall, but improvements are needed."
Google Pixel 8 Pro - Edition 19,Electronics,2,"Good overall, but improvements are needed."
Samsung Galaxy Buds FE - Edition 27,Electronics,3,Not worth the price at all.
Sony WH-1000XM5 - Edition 37,Electronics,2,Not worth the price at all.
Samsung Galaxy Buds FE - Edition 1,Electronics,4,Premium feel and well built.
Samsung Galaxy Buds FE - Edition 37,Electronics,3,Delivery was late but product quality is good.
iPhone 15 Pro Max - Edition 3,Electronics,2,"Amazing quality, exceeded my expectations."
Sony WH-1000XM5 - Edition 8,Electronics,1,Premium feel and well built.
Google Pixel 8 Pro - Edition 17,Electronics,4,"Good overall, but improvements are needed."
Nothing Phone 2 - Edition 15,Electronics,5,Premium feel and well built.
OnePlus 12 - Edition 31,Electronics,2,Delivery was late but product quality is good.
Nothing Phone 2 - Edition 2,Electronics,5,"Excellent product, highly recommended!"
Samsung Galaxy Buds FE - Edition 32,Electronics,3,"Excellent product, highly recommended!"
Nothing Phone 2 - Edition 11,Electronics,1,Premium feel and well built.
Samsung Galaxy S24 Ultra - Edition 37,Electronics,2,"Excellent product, highly recommended!"
iPhone 15 Pro Max - Edition 14,Electronics,3,Premium feel and well built.
Xiaomi 14 Ultra - Edition 16,Electronics,5,"Amazing quality, exceeded my expectations."
Xiaomi 14 Ultra - Edition 30,Electronics,2,"Very average, could have been better."
Nothing Phone 2 - Edition 36,Electronics,3,"Great value for money, happy with the purchase."
Apple Watch Series 9 - Edition 9,Electronics,4,Delivery was late but product quality is good.
Samsung Galaxy Buds FE - Edition 19,Electronics,2,Not worth the price at all.
AirPods Pro 2 - Edition 31,Electronics,1,"Good overall, but improvements are needed."
Nothing Phone 2 - Edition 24,Electronics,1,"Great value for money, happy with the purchase."
Samsung Galaxy S24 Ultra - Edition 34,Electronics,4,"Amazing quality, exceeded my expectations."
Xiaomi 14 Ultra - Edition 5,Electronics,2,"Very average, could have been better."
Xiaomi 14 Ultra - Edition 14,Electronics,3,"Good overall, but improvements are needed."
Samsung Galaxy Buds FE - Edition 29,Electronics,2,"Excellent product, highly recommended!"
iPhone 15 Pro Max - Edition 27,Electronics,4,"Very average, could have been better."
Xiaomi 14 Ultra - Edition 18,Electronics,3,"Great value for money, happy with the purchase."
iPhone 15 Pro Max - Edition 8,Electronics,4,Premium feel and well built.
Google Pixel 8 Pro - Edition 26,Electronics,2,Delivery was late but product quality is good.
AirPods Pro 2 - Edition 25,Electronics,5,Delivery was late but product quality is good.
Nothing Phone 2 - Edition 5,Electronics,4,"Terrible experience, would not recommend."
Xiaomi 14 Ultra - Edition 34,Electronics,5,"Terrible experience, would not recommend."
Samsung Galaxy Buds FE - Edition 25,Electronics,3,"Very average, could have been better."
AirPods Pro 2 - Edition 9,Electronics,4,"Terrible experience, would not recommend."
AirPods Pro 2 - Edition 27,Electronics,4,Delivery was late but product quality is good.
Samsung Galaxy S24 Ultra - Edition 28,Electronics,1,Delivery was late but product quality is good.
Google Pixel 8 Pro - Edition 14,Electronics,2,Not worth the price at all.
Apple Watch Series 9 - Edition 16,Electronics,1,"Terrible experience, would not recommend."
Samsung Galaxy S24 Ultra - Edition 30,Electronics,5,"Terrible experience, would not recommend."
AirPods Pro 2 - Edition 28,Electronics,4,"Good overall, but improvements are needed."
AirPods Pro 2 - Edition 10,Electronics,1,"Terrible experience, would not recommend."
Google Pixel 8 Pro - Edition 3,Electronics,3,"Very average, could have been better."
Google Pixel 8 Pro - Edition 35,Electronics,2,Not worth the price at all.
OnePlus 12 - Edition 8,Electronics,5,Delivery was late but product quality is good.
Google Pixel 8 Pro - Edition 36,Electronics,5,Not worth the price at all.
AirPods Pro 2 - Edition 4,Electronics,2,"Excellent product, highly recommended!"
Nothing Phone 2 - Edition 16,Electronics,3,Not worth the price at all.
iPhone 15 Pro Max - Edition 20,Electronics,2,Not worth the price at all.
Apple Watch Series 9 - Edition 3,Electronics,3,Not worth the price at all.
iPhone 15 Pro Max - Edition 9,Electronics,5,"Very average, could have been better."
Google Pixel 8 Pro - Edition 16,Electronics,2,"Amazing quality, exceeded my expectations."
Samsung Galaxy Buds FE - Edition 28,Electronics,4,Premium feel and well built.
Google Pixel 8 Pro - Edition 39,Electronics,2,"Terrible experience, would not recommend."
AirPods Pro 2 - Edition 26,Electronics,1,"Amazing quality, exceeded my expectations."
iPhone 15 Pro Max - Edition 30,Electronics,3,"Great value for money, happy with the purchase."
Xiaomi 14 Ultra - Edition 26,Electronics,5,"Excellent product, highly recommended!"
Apple Watch Series 9 - Edition 10,Electronics,4,Not worth the price at all.
Nothing Phone 2 - Edition 23,Electronics,1,Premium feel and well built.
Nothing Phone 2 - Edition 34,Electronics,2,"Terrible experience, would not recommend."
Samsung Galaxy S24 Ultra - Edition 29,Electronics,5,"Good overall, but improvements are needed."
Google Pixel 8 Pro - Edition 37,Electronics,2,Premium feel and well built.
Samsung Galaxy Buds FE - Edition 14,Electronics,2,"Very average, could have been better."
iPhone 15 Pro Max - Edition 12,Electronics,4,"Great value for money, happy with the purchase."
Xiaomi 14 Ultra - Edition 39,Electronics,5,Delivery was late but product quality is good.
Nothing Phone 2 - Edition 21,Electronics,2,Premium feel and well built.
Xiaomi 14 Ultra - Edition 8,Electronics,4,"Good overall, but improvements are needed."
Samsung Galaxy S24 Ultra - Edition 7,Electronics,4,"Amazing quality, exceeded my expectations."
OnePlus 12 - Edition 1,Electronics,3,"Terrible experience, would not recommend."
Xiaomi 14 Ultra - Edition 1,Electronics,4,"Excellent product, highly recommended!"
iPhone 15 Pro Max - Edition 35,Electronics,1,"Terrible experience, would not recommend."
Google Pixel 8 Pro - Edition 15,Electronics,3,Not worth the price at all.
Sony WH-1000XM5 - Edition 35,Electronics,4,"Good overall, but improvements are needed."
Samsung Galaxy Buds FE - Edition 2,Electronics,1,"Great value for money, happy with the purchase."
OnePlus 12 - Edition 37,Electronics,3,Premium feel and well built.
Sony WH-1000XM5 - Edition 24,Electronics,2,"Excellent product, highly recommended!"
Nothing Phone 2 - Edition 19,Electronics,3,Delivery was late but product quality is good.
iPhone 15 Pro Max - Edition 37,Electronics,4,"Great value for money, happy with the purchase."
Samsung Galaxy Buds FE - Edition 18,Electronics,2,"Good overall, but improvements are needed."
Apple Watch Series 9 - Edition 39,Electronics,4,"Amazing quality, exceeded my expectations."
Sony WH-1000XM5 - Edition 6,Electronics,5,"Terrible experience, would not recommend."
Sony WH-1000XM5 - Edition 39,Electronics,5,Not worth the price at all.
iPhone 15 Pro Max - Edition 38,Electronics,3,Not worth the price at all.
Xiaomi 14 Ultra - Edition 28,Electronics,2,"Amazing quality, exceeded my expectations."
Sony WH-1000XM5 - Edition 38,Electronics,5,"Good overall, but improvements are needed."
Samsung Galaxy S24 Ultra - Edition 20,Electronics,4,Not worth the price at all.
Apple Watch Series 9 - Edition 13,Electronics,4,Premium feel and well built.
AirPods Pro 2 - Edition 38,Electronics,5,Premium feel and well built.
Nothing Phone 2 - Edition 39,Electronics,4,"Excellent product, highly recommended!"
Nothing Phone 2 - Edition 22,Electronics,2,"Excellent product, highly recommended!"
Samsung Galaxy Buds FE - Edition 5,Electronics,1,Not worth the price at all.
Samsung Galaxy Buds FE - Edition 9,Electronics,1,"Excellent product, highly recommended!"
Google Pixel 8 Pro - Edition 11,Electronics,5,"Great value for money, happy with the purchase."
AirPods Pro 2 - Edition 23,Electronics,2,"Amazing quality, exceeded my expectations."
Apple Watch Series 9 - Edition 8,Electronics,4,"Terrible experience, would not recommend."
OnePlus 12 - Edition 28,Electronics,4,Premium feel and well built.
Apple Watch Series 9 - Edition 29,Electronics,1,"Great value for money, happy with the purchase."
Nothing Phone 2 - Edition 13,Electronics,5,"Amazing quality, exceeded my expectations."
Apple Watch Series 9 - Edition 18,Electronics,4,Not worth the price at all.
iPhone 15 Pro Max - Edition 25,Electronics,2,Not worth the price at all.
Samsung Galaxy S24 Ultra - Edition 38,Electronics,3,Delivery was late but product quality is good.
Sony WH-1000XM5 - Edition 4,Electronics,4,"Terrible experience, would not recommend."
Samsung Galaxy Buds FE - Edition 4,Electronics,1,Premium feel and well built.
iPhone 15 Pro Max - Edition 34,Electronics,4,Delivery was late but product quality is good.
OnePlus 12 - Edition 6,Electronics,4,Delivery was late but product quality is good.
iPhone 15 Pro Max - Edition 33,Electronics,5,"Very average, could have been better."
Samsung Galaxy Buds FE - Edition 33,Electronics,1,"Terrible experience, would not recommend."
Samsung Galaxy S24 Ultra - Edition 23,Electronics,4,Delivery was late but product quality is good.
Google Pixel 8 Pro - Edition 2,Electronics,1,"Good overall, but improvements are needed."
Samsung Galaxy S24 Ultra - Edition 2,Electronics,5,"Terrible experience, would not recommend."
AirPods Pro 2 - Edition 32,Electronics,5,Delivery was late but product quality is good.
Apple Watch Series 9 - Edition 4,Electronics,3,"Very average, could have been better."
Google Pixel 8 Pro - Edition 13,Electronics,3,"Terrible experience, would not recommend."
Google Pixel 8 Pro - Edition 10,Electronics,1,"Amazing quality, exceeded my expectations."
iPhone 15 Pro Max - Edition 13,Electronics,5,Delivery was late but product quality is good.
Samsung Galaxy Buds FE - Edition 3,Electronics,5,"Amazing quality, exceeded my expectations."
Samsung Galaxy S24 Ultra - Edition 11,Electronics,4,"Amazing quality, exceeded my expectations."
Samsung Galaxy S24 Ultra - Edition 1,Electronics,3,Not worth the price at all.
Sony WH-1000XM5 - Edition 34,Electronics,5,"Good overall, but improvements are needed."
Apple Watch Series 9 - Edition 30,Electronics,1,Not worth the price at all.
OnePlus 12 - Edition 19,Electronics,4,Not worth the price at all.
Sony WH-1000XM5 - Edition 36,Electronics,4,Premium feel and well built.
Apple Watch Series 9 - Edition 6,Electronics,5,Not worth the price at all.
Apple Watch Series 9 - Edition 25,Electronics,2,"Amazing quality, exceeded my expectations."
Apple Watch Series 9 - Edition 32,Electronics,3,Delivery was late but product quality is good.
Samsung Galaxy Buds FE - Edition 26,Electronics,3,"Terrible experience, would not recommend."
Google Pixel 8 Pro - Edition 29,Electronics,2,"Terrible experience, would not recommend."
OnePlus 12 - Edition 32,Electronics,1,"Excellent product, highly recommended!"
iPhone 15 Pro Max - Edition 19,Electronics,5,"Amazing quality, exceeded my expectations."
Xiaomi 14 Ultra - Edition 29,Electronics,5,Delivery was late but product quality is good.
Xiaomi 14 Ultra - Edition 4,Electronics,3,"Terrible experience, would not recommend."
iPhone 15 Pro Max - Edition 21,Electronics,3,Delivery was late but product quality is good.
Sony WH-1000XM5 - Edition 30,Electronics,4,Premium feel and well built.
AirPods Pro 2 - Edition 13,Electronics,5,"Terrible experience, would not recommend."
Sony WH-1000XM5 - Edition 27,Electronics,2,"Amazing quality, exceeded my expectations."
OnePlus 12 - Edition 36,Electronics,1,Premium feel and well built.
Xiaomi 14 Ultra - Edition 32,Electronics,1,"Great value for money, happy with the purchase."
Sony WH-1000XM5 - Edition 28,Electronics,5,Delivery was late but product quality is good.
OnePlus 12 - Edition 20,Electronics,2,"Amazing quality, exceeded my expectations."
OnePlus 12 - Edition 3,Electronics,5,"Good overall, but improvements are needed."
Samsung Galaxy S24 Ultra - Edition 26,Electronics,2,"Good overall, but improvements are needed."
Nothing Phone 2 - Edition 20,Electronics,5,"Great value for money, happy with the purchase."
Xiaomi 14 Ultra - Edition 23,Electronics,5,"Great value for money, happy with the purchase."
Nothing Phone 2 - Edition 3,Electronics,5,"Amazing quality, exceeded my expectations."
OnePlus 12 - Edition 38,Electronics,3,"Amazing quality, exceeded my expectations."
OnePlus 12 - Edition 35,Electronics,4,Premium feel and well built.
Xiaomi 14 Ultra - Edition 37,Electronics,2,"Terrible experience, would not recommend."
Sony WH-1000XM5 - Edition 32,Electronics,1,"Terrible experience, would not recommend."
Xiaomi 14 Ultra - Edition 20,Electronics,2,"Very average, could have been better."
iPhone 15 Pro Max - Edition 29,Electronics,2,"Very average, could have been better."
Google Pixel 8 Pro - Edition 9,Electronics,5,"Excellent product, highly recommended!"
Samsung Galaxy Buds FE - Edition 30,Electronics,1,Not worth the price at all.
H&M Oversized Hoodie - Edition 2,Clothing,4,"Great value for money, happy with the purchase."
Nike Air Force 1 - Edition 23,Clothing,4,Not worth the price at all.
Zara Slim Fit Shirt - Edition 19,Clothing,2,"Amazing quality, exceeded my expectations."
Zara Slim Fit Shirt - Edition 34,Clothing,4,"Good overall, but improvements are needed."
Uniqlo Airism Tee - Edition 25,Clothing,3,Not worth the price at all.
Puma Running Tee - Edition 2,Clothing,1,"Good overall, but improvements are needed."
Superdry Winter Jacket - Edition 22,Clothing,2,"Excellent product, highly recommended!"
Nike Air Force 1 - Edition 12,Clothing,5,"Amazing quality, exceeded my expectations."
Zara Slim Fit Shirt - Edition 18,Clothing,5,"Excellent product, highly recommended!"
Zara Slim Fit Shirt - Edition 21,Clothing,4,Premium feel and well built.
Levi's 511 Jeans - Edition 12,Clothing,4,"Very average, could have been better."
H&M Oversized Hoodie - Edition 6,Clothing,4,Premium feel and well built.
H&M Oversized Hoodie - Edition 24,Clothing,3,"Very average, could have been better."
Nike Air Force 1 - Edition 26,Clothing,2,"Excellent product, highly recommended!"
Zara Slim Fit Shirt - Edition 5,Clothing,2,"Amazing quality, exceeded my expectations."
Zara Slim Fit Shirt - Edition 8,Clothing,1,Not worth the price at all.
H&M Oversized Hoodie - Edition 15,Clothing,2,"Good overall, but improvements are needed."
H&M Oversized Hoodie - Edition 19,Clothing,4,Premium feel and well built.
Zara Slim Fit Shirt - Edition 35,Clothing,4,Delivery was late but product quality is good.
Zara Slim Fit Shirt - Edition 1,Clothing,5,"Good overall, but improvements are needed."
Calvin Klein Hoodie - Edition 31,Clothing,2,"Very average, could have been better."
Adidas Ultraboost 23 - Edition 38,Clothing,3,"Excellent product, highly recommended!"
Superdry Winter Jacket - Edition 29,Clothing,2,"Excellent product, highly recommended!"
Adidas Ultraboost 23 - Edition 32,Clothing,1,"Amazing quality, exceeded my expectations."
Louis Philippe Formal Shirt - Edition 23,Clothing,5,"Good overall, but improvements are needed."
Levi's 511 Jeans - Edition 24,Clothing,2,"Amazing quality, exceeded my expectations."
Adidas Ultraboost 23 - Edition 1,Clothing,5,"Great value for money, happy with the purchase."
Zara Slim Fit Shirt - Edition 9,Clothing,1,Not worth the price at all.
Louis Philippe Formal Shirt - Edition 12,Clothing,5,Premium feel and well built.
Nike Air Force 1 - Edition 39,Clothing,4,Delivery was late but product quality is good.
Zara Slim Fit Shirt - Edition 20,Clothing,2,"Great value for money, happy with the purchase."
Puma Running Tee - Edition 29,Clothing,4,Delivery was late but product quality is good.
Levi's 511 Jeans - Edition 7,Clothing,3,Not worth the price at all.
Nike Air Force 1 - Edition 16,Clothing,2,Not worth the price at all.
Levi's 511 Jeans - Edition 31,Clothing,5,Premium feel and well built.
Uniqlo Airism Tee - Edition 36,Clothing,5,Delivery was late but product quality is good.
Zara Slim Fit Shirt - Edition 12,Clothing,5,"Good overall, but improvements are needed."
H&M Oversized Hoodie - Edition 39,Clothing,1,"Good overall, but improvements are needed."
Puma Running Tee - Edition 25,Clothing,2,"Amazing quality, exceeded my expectations."
Superdry Winter Jacket - Edition 35,Clothing,5,"Good overall, but improvements are needed."
H&M Oversized Hoodie - Edition 9,Clothing,2,"Terrible experience, would not recommend."
Levi's 511 Jeans - Edition 33,Clothing,2,Premium feel and well built.
Puma Running Tee - Edition 16,Clothing,5,Not worth the price at all.
Superdry Winter Jacket - Edition 4,Clothing,4,"Great value for money, happy with the purchase."
Levi's 511 Jeans - Edition 36,Clothing,3,Not worth the price at all.
Nike Air Force 1 - Edition 34,Clothing,5,"Amazing quality, exceeded my expectations."
Superdry Winter Jacket - Edition 26,Clothing,3,Delivery was late but product quality is good.
Calvin Klein Hoodie - Edition 27,Clothing,3,Not worth the price at all.
Levi's 511 Jeans - Edition 4,Clothing,2,"Very average, could have been better."
Nike Air Force 1 - Edition 4,Clothing,3,Delivery was late but product quality is good.
Nike Air Force 1 - Edition 30,Clothing,1,Not worth the price at all.
H&M Oversized Hoodie - Edition 34,Clothing,3,"Amazing quality, exceeded my expectations."
Superdry Winter Jacket - Edition 33,Clothing,2,Delivery was late but product quality is good.
Nike Air Force 1 - Edition 5,Clothing,1,Premium feel and well built.
Zara Slim Fit Shirt - Edition 26,Clothing,4,Delivery was late but product quality is good.
Louis Philippe Formal Shirt - Edition 26,Clothing,1,"Terrible experience, would not recommend."
Calvin Klein Hoodie - Edition 28,Clothing,4,Delivery was late but product quality is good.
Zara Slim Fit Shirt - Edition 10,Clothing,4,"Terrible experience, would not recommend."
Uniqlo Airism Tee - Edition 12,Clothing,4,"Great value for money, happy with the purchase."
Zara Slim Fit Shirt - Edition 32,Clothing,4,"Terrible experience, would not recommend."
Levi's 511 Jeans - Edition 34,Clothing,5,"Good overall, but improvements are needed."
Louis Philippe Formal Shirt - Edition 3,Clothing,3,"Great value for money, happy with the purchase."
Zara Slim Fit Shirt - Edition 15,Clothing,1,Delivery was late but product quality is good.
Puma Running Tee - Edition 34,Clothing,4,Premium feel and well built.
Calvin Klein Hoodie - Edition 36,Clothing,5,"Good overall, but improvements are needed."
H&M Oversized Hoodie - Edition 20,Clothing,1,"Great value for money, happy with the purchase."
Uniqlo Airism Tee - Edition 16,Clothing,5,Not worth the price at all.
H&M Oversized Hoodie - Edition 32,Clothing,5,"Amazing quality, exceeded my expectations."
H&M Oversized Hoodie - Edition 3,Clothing,5,Delivery was late but product quality is good.
H&M Oversized Hoodie - Edition 22,Clothing,2,"Very average, could have been better."
Levi's 511 Jeans - Edition 39,Clothing,5,"Excellent product, highly recommended!"
Adidas Ultraboost 23 - Edition 39,Clothing,2,"Great value for money, happy with the purchase."
Superdry Winter Jacket - Edition 19,Clothing,2,Premium feel and well built.
Superdry Winter Jacket - Edition 39,Clothing,5,"Terrible experience, would not recommend."
Calvin Klein Hoodie - Edition 30,Clothing,4,Premium feel and well built.
Calvin Klein Hoodie - Edition 13,Clothing,3,Premium feel and well built.
Levi's 511 Jeans - Edition 23,Clothing,2,"Great value for money, happy with the purchase."
H&M Oversized Hoodie - Edition 12,Clothing,1,"Very average, could have been better."
Louis Philippe Formal Shirt - Edition 38,Clothing,2,"Good overall, but improvements are needed."
Puma Running Tee - Edition 20,Clothing,2,"Terrible experience, would not recommend."
Louis Philippe Formal Shirt - Edition 37,Clothing,4,"Good overall, but improvements are needed."
Superdry Winter Jacket - Edition 1,Clothing,2,"Great value for money, happy with the purchase."
Calvin Klein Hoodie - Edition 14,Clothing,2,"Amazing quality, exceeded my expectations."
Levi's 511 Jeans - Edition 6,Clothing,4,Delivery was late but product quality is good.
Adidas Ultraboost 23 - Edition 33,Clothing,2,"Terrible experience, would not recommend."
Calvin Klein Hoodie - Edition 4,Clothing,3,"Very average, could have been better."
Adidas Ultraboost 23 - Edition 30,Clothing,2,Premium feel and well built.
H&M Oversized Hoodie - Edition 29,Clothing,1,"Terrible experience, would not recommend."
Uniqlo Airism Tee - Edition 32,Clothing,4,"Excellent product, highly recommended!"
Puma Running Tee - Edition 27,Clothing,2,Not worth the price at all.
Adidas Ultraboost 23 - Edition 3,Clothing,1,"Excellent product, highly recommended!"
Puma Running Tee - Edition 8,Clothing,4,"Excellent product, highly recommended!"
Levi's 511 Jeans - Edition 21,Clothing,2,"Good overall, but improvements are needed."
Louis Philippe Formal Shirt - Edition 40,Clothing,4,"Amazing quality, exceeded my expectations."
Superdry Winter Jacket - Edition 13,Clothing,1,"Good overall, but improvements are needed."
Puma Running Tee - Edition 15,Clothing,1,"Good overall, but improvements are needed."
Calvin Klein Hoodie - Edition 19,Clothing,1,"Excellent product, highly recommended!"
Nike Air Force 1 - Edition 35,Clothing,5,"Amazing quality, exceeded my expectations."
Puma Running Tee - Edition 1,Clothing,5,"Amazing quality, exceeded my expectations."
Louis Philippe Formal Shirt - Edition 25,Clothing,4,Premium feel and well built.
Louis Philippe Formal Shirt - Edition 17,Clothing,1,"Terrible experience, would not recommend."
Louis Philippe Formal Shirt - Edition 4,Clothing,2,"Very average, could have been better."
Uniqlo Airism Tee - Edition 37,Clothing,2,Not worth the price at all.
Adidas Ultraboost 23 - Edition 29,Clothing,1,"Good overall, but improvements are needed."
Adidas Ultraboost 23 - Edition 31,Clothing,5,"Good overall, but improvements are needed."
Zara Slim Fit Shirt - Edition 16,Clothing,1,"Good overall, but improvements are needed."
Uniqlo Airism Tee - Edition 15,Clothing,1,"Good overall, but improvements are needed."
Nike Air Force 1 - Edition 6,Clothing,4,"Very average, could have been better."
H&M Oversized Hoodie - Edition 4,Clothing,1,"Amazing quality, exceeded my expectations."
Uniqlo Airism Tee - Edition 18,Clothing,5,"Very average, could have been better."
Louis Philippe Formal Shirt - Edition 35,Clothing,4,"Great value for money, happy with the purchase."
Calvin Klein Hoodie - Edition 21,Clothing,2,Premium feel and well built.
Nike Air Force 1 - Edition 1,Clothing,3,"Excellent product, highly recommended!"
Calvin Klein Hoodie - Edition 6,Clothing,5,Not worth the price at all.
Zara Slim Fit Shirt - Edition 6,Clothing,2,"Amazing quality, exceeded my expectations."
Calvin Klein Hoodie - Edition 35,Clothing,3,"Great value for money, happy with the purchase."
Levi's 511 Jeans - Edition 9,Clothing,4,"Great value for money, happy with the purchase."
Zara Slim Fit Shirt - Edition 23,Clothing,4,"Excellent product, highly recommended!"
Adidas Ultraboost 23 - Edition 12,Clothing,1,Delivery was late but product quality is good.
Zara Slim Fit Shirt - Edition 39,Clothing,2,"Amazing quality, exceeded my expectations."
Superdry Winter Jacket - Edition 14,Clothing,5,"Great value for money, happy with the purchase."
Superdry Winter Jacket - Edition 15,Clothing,3,"Good overall, but improvements are needed."
Uniqlo Airism Tee - Edition 6,Clothing,5,"Amazing quality, exceeded my expectations."
H&M Oversized Hoodie - Edition 35,Clothing,1,Delivery was late but product quality is good.
Adidas Ultraboost 23 - Edition 7,Clothing,4,Premium feel and well built.
Uniqlo Airism Tee - Edition 31,Clothing,2,"Good overall, but improvements are needed."
Uniqlo Airism Tee - Edition 24,Clothing,1,Premium feel and well built.
Louis Philippe Formal Shirt - Edition 24,Clothing,4,Not worth the price at all.
Adidas Ultraboost 23 - Edition 2,Clothing,5,"Good overall, but improvements are needed."
H&M Oversized Hoodie - Edition 8,Clothing,4,"Great value for money, happy with the purchase."
Louis Philippe Formal Shirt - Edition 28,Clothing,3,"Very average, could have been better."
Superdry Winter Jacket - Edition 28,Clothing,2,"Amazing quality, exceeded my expectations."
Adidas Ultraboost 23 - Edition 20,Clothing,3,"Terrible experience, would not recommend."
Zara Slim Fit Shirt - Edition 17,Clothing,3,"Good overall, but improvements are needed."
Nike Air Force 1 - Edition 18,Clothing,2,"Very average, could have been better."
Calvin Klein Hoodie - Edition 7,Clothing,4,Delivery was late but product quality is good.
Louis Philippe Formal Shirt - Edition 36,Clothing,3,Not worth the price at all.
Nike Air Force 1 - Edition 13,Clothing,5,"Very average, could have been better."
Levi's 511 Jeans - Edition 19,Clothing,2,"Excellent product, highly recommended!"
Nike Air Force 1 - Edition 36,Clothing,2,"Amazing quality, exceeded my expectations."
Puma Running Tee - Edition 3,Clothing,3,Delivery was late but product quality is good.
Levi's 511 Jeans - Edition 29,Clothing,3,Not worth the price at all.
Levi's 511 Jeans - Edition 25,Clothing,2,"Good overall, but improvements are needed."
Calvin Klein Hoodie - Edition 24,Clothing,5,"Great value for money, happy with the purchase."
Puma Running Tee - Edition 18,Clothing,5,Delivery was late but product quality is good.
Uniqlo Airism Tee - Edition 14,Clothing,4,"Terrible experience, would not recommend."
Louis Philippe Formal Shirt - Edition 29,Clothing,1,"Excellent product, highly recommended!"
Adidas Ultraboost 23 - Edition 26,Clothing,3,"Excellent product, highly recommended!"
H&M Oversized Hoodie - Edition 31,Clothing,3,Premium feel and well built.
Superdry Winter Jacket - Edition 7,Clothing,4,"Excellent product, highly recommended!"
Zara Slim Fit Shirt - Edition 13,Clothing,1,"Terrible experience, would not recommend."
Calvin Klein Hoodie - Edition 23,Clothing,3,"Good overall, but improvements are needed."
Calvin Klein Hoodie - Edition 34,Clothing,4,Delivery was late but product quality is good.
H&M Oversized Hoodie - Edition 26,Clothing,5,Not worth the price at all.
Puma Running Tee - Edition 39,Clothing,2,Premium feel and well built.
Calvin Klein Hoodie - Edition 37,Clothing,2,Premium feel and well built.
Louis Philippe Formal Shirt - Edition 31,Clothing,4,"Terrible experience, would not recommend."
Uniqlo Airism Tee - Edition 5,Clothing,2,"Great value for money, happy with the purchase."
Adidas Ultraboost 23 - Edition 10,Clothing,5,Delivery was late but product quality is good.
Puma Running Tee - Edition 36,Clothing,2,"Excellent product, highly recommended!"
Nike Air Force 1 - Edition 14,Clothing,5,"Very average, could have been better."
Puma Running Tee - Edition 9,Clothing,2,"Very average, could have been better."
Uniqlo Airism Tee - Edition 38,Clothing,4,"Amazing quality, exceeded my expectations."
Adidas Ultraboost 23 - Edition 24,Clothing,2,Not worth the price at all.
Nike Air Force 1 - Edition 17,Clothing,4,"Good overall, but improvements are needed."
H&M Oversized Hoodie - Edition 21,Clothing,5,"Good overall, but improvements are needed."
Nike Air Force 1 - Edition 29,Clothing,1,Premium feel and well built.
Nike Air Force 1 - Edition 2,Clothing,2,Not worth the price at all.
Nike Air Force 1 - Edition 3,Clothing,5,"Great value for money, happy with the purchase."
Nike Air Force 1 - Edition 31,Clothing,1,"Great value for money, happy with the purchase."
Levi's 511 Jeans - Edition 30,Clothing,1,"Terrible experience, would not recommend."
H&M Oversized Hoodie - Edition 10,Clothing,3,Premium feel and well built.
Louis Philippe Formal Shirt - Edition 7,Clothing,5,"Very average, could have been better."
Superdry Winter Jacket - Edition 5,Clothing,2,"Great value for money, happy with the purchase."
Zara Slim Fit Shirt - Edition 38,Clothing,2,"Terrible experience, would not recommend."
Puma Running Tee - Edition 13,Clothing,4,"Terrible experience, would not recommend."
Nike Air Force 1 - Edition 11,Clothing,4,"Terrible experience, would not recommend."
Calvin Klein Hoodie - Edition 8,Clothing,5,Delivery was late but product quality is good.
Adidas Ultraboost 23 - Edition 37,Clothing,4,"Amazing quality, exceeded my expectations."
Nike Air Force 1 - Edition 32,Clothing,4,"Amazing quality, exceeded my expectations."
Superdry Winter Jacket - Edition 34,Clothing,2,Not worth the price at all.
Nike Air Force 1 - Edition 40,Clothing,1,"Great value for money, happy with the purchase."
Uniqlo Airism Tee - Edition 33,Clothing,3,Not worth the price at all.
Zara Slim Fit Shirt - Edition 29,Clothing,5,"Great value for money, happy with the purchase."
Louis Philippe Formal Shirt - Edition 5,Clothing,1,"Great value for money, happy with the purchase."
Superdry Winter Jacket - Edition 17,Clothing,3,"Good overall, but improvements are needed."
Levi's 511 Jeans - Edition 11,Clothing,4,"Excellent product, highly recommended!"
Uniqlo Airism Tee - Edition 28,Clothing,2,Delivery was late but product quality is good.
Puma Running Tee - Edition 38,Clothing,2,Delivery was late but product quality is good.
Superdry Winter Jacket - Edition 23,Clothing,4,"Amazing quality, exceeded my expectations."
H&M Oversized Hoodie - Edition 23,Clothing,4,Delivery was late but product quality is good.
Puma Running Tee - Edition 5,Clothing,4,Premium feel and well built.
Nike Air Force 1 - Edition 28,Clothing,4,Delivery was late but product quality is good.
Louis Philippe Formal Shirt - Edition 6,Clothing,3,Delivery was late but product quality is good.
Superdry Winter Jacket - Edition 18,Clothing,3,"Amazing quality, exceeded my expectations."
Zara Slim Fit Shirt - Edition 40,Clothing,2,"Great value for money, happy with the purchase."
Uniqlo Airism Tee - Edition 21,Clothing,2,"Amazing quality, exceeded my expectations."
Nike Air Force 1 - Edition 21,Clothing,2,"Great value for money, happy with the purchase."
H&M Oversized Hoodie - Edition 13,Clothing,5,Delivery was late but product quality is good.
Levi's 511 Jeans - Edition 20,Clothing,1,"Terrible experience, would not recommend."
Zara Slim Fit Shirt - Edition 3,Clothing,5,Delivery was late but product quality is good.
Adidas Ultraboost 23 - Edition 19,Clothing,4,Premium feel and well built.
H&M Oversized Hoodie - Edition 25,Clothing,4,"Great value for money, happy with the purchase."
Superdry Winter Jacket - Edition 37,Clothing,4,Premium feel and well built.
Levi's 511 Jeans - Edition 1,Clothing,3,"Amazing quality, exceeded my expectations."
Calvin Klein Hoodie - Edition 39,Clothing,3,"Good overall, but improvements are needed."
Levi's 511 Jeans - Edition 16,Clothing,4,"Great value for money, happy with the purchase."
Levi's 511 Jeans - Edition 3,Clothing,4,"Very average, could have been better."
Nike Air Force 1 - Edition 15,Clothing,4,"Good overall, but improvements are needed."
H&M Oversized Hoodie - Edition 18,Clothing,4,"Good overall, but improvements are needed."
Zara Slim Fit Shirt - Edition 33,Clothing,2,Premium feel and well built.
Superdry Winter Jacket - Edition 9,Clothing,2,"Terrible experience, would not recommend."
H&M Oversized Hoodie - Edition 14,Clothing,5,"Terrible experience, would not recommend."
Zara Slim Fit Shirt - Edition 24,Clothing,4,"Great value for money, happy with the purchase."
Superdry Winter Jacket - Edition 8,Clothing,2,Premium feel and well built.
Puma Running Tee - Edition 17,Clothing,3,"Very average, could have been better."
Superdry Winter Jacket - Edition 11,Clothing,5,Delivery was late but product quality is good.
Levi's 511 Jeans - Edition 35,Clothing,2,"Excellent product, highly recommended!"
Levi's 511 Jeans - Edition 37,Clothing,1,Not worth the price at all.
Louis Philippe Formal Shirt - Edition 22,Clothing,3,Delivery was late but product quality is good.
Adidas Ultraboost 23 - Edition 15,Clothing,2,"Excellent product, highly recommended!"
H&M Oversized Hoodie - Edition 11,Clothing,5,"Amazing quality, exceeded my expectations."
Superdry Winter Jacket - Edition 16,Clothing,1,Delivery was late but product quality is good.
Louis Philippe Formal Shirt - Edition 33,Clothing,3,Delivery was late but product quality is good.
Superdry Winter Jacket - Edition 20,Clothing,3,"Amazing quality, exceeded my expectations."
Calvin Klein Hoodie - Edition 9,Clothing,5,Premium feel and well built.
H&M Oversized Hoodie - Edition 27,Clothing,4,"Amazing quality, exceeded my expectations."
Puma Running Tee - Edition 28,Clothing,1,"Good overall, but improvements are needed."
Calvin Klein Hoodie - Edition 25,Clothing,5,Delivery was late but product quality is good.
H&M Oversized Hoodie - Edition 28,Clothing,3,"Very average, could have been better."
Nike Air Force 1 - Edition 9,Clothing,3,"Excellent product, highly recommended!"
Nike Air Force 1 - Edition 25,Clothing,2,"Amazing quality, exceeded my expectations."
Puma Running Tee - Edition 30,Clothing,3,"Good overall, but improvements are needed."
Superdry Winter Jacket - Edition 32,Clothing,3,"Great value for money, happy with the purchase."
Adidas Ultraboost 23 - Edition 4,Clothing,1,"Very average, could have been better."
Louis Philippe Formal Shirt - Edition 10,Clothing,1,"Excellent product, highly recommended!"
Superdry Winter Jacket - Edition 3,Clothing,3,Premium feel and well built.
Uniqlo Airism Tee - Edition 29,Clothing,1,"Terrible experience, would not recommend."
Superdry Winter Jacket - Edition 10,Clothing,2,Delivery was late but product quality is good.
Calvin Klein Hoodie - Edition 29,Clothing,4,"Amazing quality, exceeded my expectations."
Puma Running Tee - Edition 40,Clothing,3,"Good overall, but improvements are needed."
Puma Running Tee - Edition 19,Clothing,3,"Very average, could have been better."
Calvin Klein Hoodie - Edition 12,Clothing,1,Not worth the price at all.
Louis Philippe Formal Shirt - Edition 18,Clothing,5,"Terrible experience, would not recommend."
H&M Oversized Hoodie - Edition 33,Clothing,2,"Terrible experience, would not recommend."
Louis Philippe Formal Shirt - Edition 32,Clothing,4,"Amazing quality, exceeded my expectations."
Puma Running Tee - Edition 22,Clothing,2,"Good overall, but improvements are needed."
Levi's 511 Jeans - Edition 5,Clothing,1,Delivery was late but product quality is good.
Superdry Winter Jacket - Edition 2,Clothing,4,"Very average, could have been better."
Levi's 511 Jeans - Edition 17,Clothing,3,"Good overall, but improvements are needed."
